{
    "data": 
   {
       "core_usage": [0, 1.0, 2.0, 3.0, 4.0, 5.0, 6.0, 7.0, 8.0, 9.0, 10.0, 11.0, 12.0, 13.0, 14.0, 15.0, 16.0],
       "core_score": [0, 1185.2759011664075, 2374.6665144243025, 3407.412800621353, 4247.563194605614, 5425.805534940629, 6553.165204932159, 7532.675633816061, 8661.011460872032, 9394.50100661703, 10245.462089941731, 11540.822741570375, 12531.033091322402, 13228.99323726903, 14078.103351706251, 14930.69685669977, 15474.900175180343]
   }
}