{
    "data": 
   {
       "core_usage": [0, 1.0, 2.0, 3.0, 4.0, 5.0, 6.0, 7.0, 8.0, 9.0, 10.0, 11.0, 12.0, 13.0, 14.0, 15.0, 16.0, 17.0, 18.0, 19.0, 20.0, 21.0, 22.0, 23.0, 24.0, 25.0, 26.0, 27.0, 28.0],
       "core_score": [0, 1211.4670907673885, 2384.9649882546614, 3540.0795601327695, 4670.388815662064, 5773.853577333405, 6831.794415766263, 7884.001051955498, 8891.923352810625, 9890.21546292059, 10852.155559031931, 11810.223480503413, 12708.963427250457, 13598.865533220876, 14480.080209350917, 14864.862660081393, 15202.393174536215, 15552.808890023574, 15890.600690382224, 16202.580840349252, 16517.368670712265, 16829.197208124533, 17133.244625720934, 17394.301784189523, 17698.89581311183, 17977.11692422611, 18229.25881270576, 18495.627981076643, 18760.52768824154]
    }
}