{
    "data": 
   {
       "core_usage": [0, 1.0, 2.0, 3.0, 4.0, 5.0, 6.0, 7.0, 8.0, 9.0, 10.0, 11.0, 12.0, 13.0, 14.0, 15.0, 16.0, 17.0, 18.0, 19.0, 20.0, 21.0, 22.0, 23.0, 24.0, 25.0, 26.0, 27.0, 28.0],
       "core_score": [0, 1037.998833134672, 2057.0219783182965, 3050.484980840322, 4022.4035754590254, 4964.015184192962, 5889.329271414811, 6784.534763760325, 7656.630551715897, 8515.45690726949, 9350.989662624745, 10167.680057281788, 10963.889348044077, 11743.951909271069, 12477.765436846954, 12806.88532634005, 13125.60283615045, 13430.548008939746, 13730.048737745487, 14013.017010339056, 14302.209776823382, 14579.145212528438, 14833.481238902845, 15101.827710991369, 15367.512422567355, 15619.710702893395, 15822.554141646675, 16057.021569805296, 16269.118803265192]
    }
}