{
    "data": 
   {
       "core_usage": [0, 1, 2, 3, 4, 5, 6, 7, 8],
       "core_consumption": [10, 31.699999999999996, 45.7, 57.6, 73.1, 73.53999999999999, 74.9, 78.1, 80.16]
   }
}