{
    "data": 
   {
       "core_usage": [0, 1, 2, 3, 4],
       "core_consumption": [2, 3.7920000000000007, 4.38, 5.042, 5.901999999999999]
   }
}