{
    "data": 
   {
       "core_usage": [0, 1.0, 2.0, 3.0, 4.0, 5.0, 6.0, 7.0, 8.0, 9.0, 10.0, 11.0, 12.0, 13.0, 14.0, 15.0, 16.0, 17.0, 18.0, 19.0, 20.0, 21.0, 22.0, 23.0, 24.0, 25.0, 26.0, 27.0, 28.0],
       "core_consumption": [80, 121.0, 125.0, 130.0, 133.0, 136.45, 143.0, 142.0, 147.45, 148.89999999999998, 156.35, 160.0, 164.0, 176.0, 175.7, 175.0, 176.0, 171.0, 177.85, 172.0, 181.39999999999998, 180.7, 181.0, 182.7, 183.0, 185.0, 186.0, 187.0, 189.0]
   }
}