{
    "data": 
   {
       "core_usage": [0, 1.0, 2.0, 3.0, 4.0, 5.0, 6.0, 7.0, 8.0, 9.0, 10.0, 11.0, 12.0, 13.0, 14.0, 15.0, 16.0, 17.0, 18.0, 19.0, 20.0, 21.0, 22.0, 23.0, 24.0, 25.0, 26.0, 27.0, 28.0, 29.0, 30.0, 31.0, 32.0, 33.0, 34.0, 35.0, 36.0, 37.0, 38.0, 39.0, 40.0, 41.0, 42.0, 43.0, 44.0, 45.0, 46.0, 47.0, 48.0, 49.0, 50.0, 51.0, 52.0, 53.0, 54.0, 55.0, 56.0, 57.0, 58.0, 59.0, 60.0, 61.0, 62.0, 63.0, 64.0, 65.0, 66.0, 67.0, 68.0, 69.0, 70.0, 71.0, 72.0, 73.0, 74.0, 75.0, 76.0, 77.0, 78.0, 79.0, 80.0, 81.0, 82.0, 83.0, 84.0, 85.0, 86.0, 87.0, 88.0, 89.0, 90.0, 91.0, 92.0, 93.0, 94.0, 95.0, 96.0, 97.0, 98.0, 99.0, 100.0, 101.0, 102.0, 103.0, 104.0, 105.0, 106.0, 107.0, 108.0, 109.0, 110.0, 111.0, 112.0],
       "core_consumption": [10, 256.0, 278.0, 290.75, 301.0, 313.0, 321.0, 330.0, 342.0, 351.0, 360.5, 372.0, 380.5, 393.0, 405.0, 416.25, 430.0, 440.79999999999995, 449.0, 460.20000000000005, 470.0, 484.5, 496.0, 509.0, 524.6, 527.25, 529.0, 535.5999999999999, 535.8, 532.75, 537.0, 538.0, 539.6, 531.0, 532.5, 538.25, 537.4, 540.6, 534.0, 537.1999999999999, 542.5, 531.0, 537.1999999999999, 537.8, 538.6, 537.0, 540.8, 535.4, 540.5, 537.5, 540.5, 538.4, 539.5999999999999, 534.5999999999999, 537.0, 545.6, 544.4, 545.0, 546.0, 546.0, 546.0, 545.0, 545.0, 546.0, 549.0, 547.0, 547.0, 547.0, 548.0, 547.0, 550.0, 548.0, 548.0, 549.0, 550.0, 550.0, 548.0, 549.0, 550.0, 549.0, 550.0, 550.0, 550.0, 551.0, 552.0, 550.0, 550.0, 552.0, 552.0, 551.0, 552.0, 551.0, 551.0, 551.0, 552.0, 552.0, 551.0, 552.0, 555.0, 552.0, 553.0, 552.0, 552.0, 552.0, 549.0, 552.0, 553.0, 552.0, 553.0, 553.0, 554.0, 553.0, 552.0]
   }
}